mode,adf_stat,p_value,critical_1pct,critical_5pct,n_lags_used,n_obs,stationary
0,-11.458399,0.000000,-3.432317,-2.862409,12,3327,True
1,-12.403249,0.000000,-3.432318,-2.862409,13,3326,True
2,-13.035451,0.000000,-3.432316,-2.862409,11,3328,True
3,-13.725111,0.000000,-3.432316,-2.862409,11,3328,True
4,-8.123230,0.000000,-3.432321,-2.862411,19,3320,True
5,-13.400477,0.000000,-3.432315,-2.862408,9,3330,True
6,-14.884384,0.000000,-3.432315,-2.862408,9,3330,True
7,-8.398164,0.000000,-3.432322,-2.862411,21,3318,True
8,-12.112863,0.000000,-3.432319,-2.862410,15,3324,True
9,-9.726067,0.000000,-3.432320,-2.862410,17,3322,True
10,-11.335911,0.000000,-3.432327,-2.862413,28,3311,True
11,-10.594451,0.000000,-3.432319,-2.862410,15,3324,True
12,-8.584967,0.000000,-3.432319,-2.862410,16,3323,True
13,-9.498945,0.000000,-3.432319,-2.862410,15,3324,True
14,-9.629819,0.000000,-3.432319,-2.862410,15,3324,True
15,-10.993030,0.000000,-3.432318,-2.862410,14,3325,True
16,-10.373192,0.000000,-3.432319,-2.862410,15,3324,True
17,-10.502144,0.000000,-3.432319,-2.862410,15,3324,True
18,-8.513508,0.000000,-3.432319,-2.862410,15,3324,True
